<dependencies>
  <androidPackages>
    <androidPackage spec="com.google.ads.mediation:applovin:10.3.4.0">
      <repositories>
        <repository>https://repo.maven.apache.org/maven2/</repository>
        <repository>https://dl.google.com/dl/android/maven2/</repository>
      </repositories>
    </androidPackage>
  </androidPackages>

  <iosPods>
    <iosPod name="GoogleMobileAdsMediationAppLovin" version="10.3.6.0">
      <sources>
        <source>https://github.com/CocoaPods/Specs</source>
      </sources>
    </iosPod>
  </iosPods>
</dependencies>
