<dependencies>
  <androidPackages>

    <androidPackage spec="com.google.ads.mediation:unity:3.7.5.0">
      <repositories>
        <repository>https://repo.maven.apache.org/maven2/</repository>
        <repository>https://dl.google.com/dl/android/maven2/</repository>
      </repositories>
    </androidPackage>

    <!-- If using the Unity Ads Service from Unity3D, comment out this dependency to avoid
    including the Unity Android SDK twice. 
    <androidPackage spec="com.unity3d.ads:unity-ads:3.7.5">
      <repositories>
        <repository>https://repo.maven.apache.org/maven2/</repository>
      </repositories>
    </androidPackage>-->

  </androidPackages>

  <iosPods>
    <iosPod name="GoogleMobileAdsMediationUnity" version="3.7.5.0">
      <sources>
        <source>https://github.com/CocoaPods/Specs</source>
      </sources>
    </iosPod>
  </iosPods>
</dependencies>
