<dependencies>
  <androidPackages>
    <androidPackage spec="com.google.android.ads:mediation-test-suite:1.5.0">
      <repositories>
        <repository>https://maven.google.com</repository>
      </repositories>
    </androidPackage>
  </androidPackages>

  <!-- https://mvnrepository.com/artifact/com.google.android.ads/mediation-test-suite -->
  <dependency>
    <groupId>com.google.android.ads</groupId>
    <artifactId>mediation-test-suite</artifactId>
    <version>2.0.0</version>
  </dependency>


  <iosPods>
    <iosPod name="GoogleMobileAdsMediationTestSuite" version="1.4.0">
      <sources>
        <source>https://github.com/CocoaPods/Specs</source>
      </sources>
    </iosPod>
  </iosPods>
</dependencies>
